job_title,company_Name,job_url,job_Location,job_Summery,job_posted_Date,job_Salary
Application Developer,US Signal Company LLC,https://www.indeed.com/cmp/US-Signal,"Grand Rapids, MI 49503 (Heartside area)","2+ years experience working in a software development, programmer or software engineer role.",EmployerActive 16 days ago,
,"CU*Answers, Inc.","https://www.indeed.com/jobs?q=Cu*answers,+Inc&l=Grand+Rapids,+MI&nc=jasx","Grand Rapids, MI 49546","The Programmer is responsible for responsible for writing readable, maintainable code, testing and debugging assigned projects on the IBMi system.",Posted3 days ago,Estimated $45.3K – $57.3K a year
Web Developer,Macatawa Bank,https://www.indeed.com/cmp/Macatawa-Bank,"Holland, MI 49424",The Web Developer is responsible for providing technical solutions to complex business problems.,Posted30+ days ago,Estimated $67.7K – $85.7K a year
Junior Full Stack Developer,Revature,https://www.indeed.com/cmp/Revature-8,"Wyoming, MI+1 location",College degree (Associates or Bachelors).,Posted30+ days ago,Estimated $72.7K – $92.1K a year
,Recruiting From Scratch,https://www.indeed.com/addlLoc/redirect?tk=1fr2s8t8ks7eq800&jk=f02477081f514863&dest=%2Fjobs%3Fq%3Dprogrammer%26l%3Dgrand%2Brapids%2BMI%26grpKey%3D8gcGdG5mdGNsuA%252Fi0so2qhAgCglub3JtdGl0bGUaE2Zyb250IGVuZCBkZXZlbG9wZXI%253D,"Remote in Kentwood, MI+6 locations","Work with our clients' end users, the founding team, and a team of elite software engineers to fundamentally change developer experience across the blockchain…",Posted1 day ago,Estimated $89.9K – $114K a year
Junior CSS/HTML Developer,Revature,https://www.indeed.com/cmp/Revature-8,"Wyoming, MI+1 location",College degree (Associates or Bachelors).,Posted30+ days ago,Estimated $65.4K – $82.8K a year
Entry Level Java Developer,Revature,https://www.indeed.com/cmp/Revature-8,"Wyoming, MI",College degree (Associates or Bachelors).,Posted30+ days ago,Estimated $67K – $84.8K a year
Software Developer,Preferred Welding,https://www.indeed.com/cmp/Preferred-Welding,"Holland, MI 49424","The ideal candidate will be proficient in PHP, MySQL, HTML, and JavaScript, with C Sharp Windows development.",EmployerActive 2 days ago,Estimated $58.2K – $73.6K a year
,Manufacturing Action Group,"https://www.indeed.com/q-Manufacturing-Action-Group-l-Grand-Rapids,-MI-jobs.html","Grand Rapids, MI 49546","MAGI offers a competitive benefits package, including medical, dental, 401K program, paid vacations and holidays.",Posted4 days ago,Estimated $69.4K – $87.8K a year
Junior Software Developer,Revature,https://www.indeed.com/cmp/Revature-8,"Wyoming, MI+1 location",College degree (Associates or Bachelors).,Posted30+ days ago,Estimated $61.8K – $78.2K a year
LabWindow Software Developer,Belcan LLC,https://www.indeed.com/cmp/Belcan-LLC,"Grand Rapids, MI",This is a full-time direct position with benefits.,EmployerActive 7 days ago,
Computer Programmer,"Stenger & Stenger, PC","https://www.indeed.com/q-Stenger-&-Stenger,-PC-l-Grand-Rapids,-MI-jobs.html","Grand Rapids, MI 49546","The firm’s IT Team is looking for a meticulous and technically skilled Computer Programmer to develop and support our organization's systems, software, and…",EmployerActive 14 days ago,
Software Developer II,Springthrough,https://www.indeed.com/cmp/Springthrough,"Grand Rapids, MI 49546+1 location",Participate in the full life-cycle duties to bring clients projects to completion all the while exceeding their expectations.,EmployerActive 2 days ago,
Software Engineering Opportunities,Performance,https://www.indeed.com/addlLoc/redirect?tk=1fr2s8t8ks7eq800&jk=2d980c422e164e7c&dest=%2Fjobs%3Fq%3Dprogrammer%26l%3Dgrand%2Brapids%2BMI%26grpKey%3D8gcGdG5mdGNsuA%252FQs9YOqhAeCglub3JtdGl0bGUaEXNvZnR3YXJlIGVuZ2luZWVy,"Grand Rapids, MI 49546+1 location",We are looking for passionate Software Engineers to design and develop software solutions for upcoming projects.,Posted10 days ago,Estimated $77.6K – $98.2K a year
Cloud Software Developer,Open Systems Technologies Inc,"https://www.indeed.com/jobs?q=Open+Systems+Technologies+Inc&l=Grand+Rapids,+MI&nc=jasx","Grand Rapids, MI 49504 (West Grand area)",Cloud Software Developer (Full-time | Remote).,Posted16 days ago,Estimated $81.8K – $104K a year
SOFTWARE ENGINEER II,Tgw Systems Inc,https://www.indeed.com/cmp/Tgw-Systems,"Grand Rapids, MI 49546","This is a mid-level position that will contribute to a team effort in all aspects of software engineering including design, development, testing, and support.",Posted30+ days ago,Estimated $80K – $101K a year
Software Developer,Pro-Vision Video Systems,https://www.indeed.com/cmp/Pro--vision-Video-Systems,"Remote in Grand Rapids, MI",PRO-VISION Video Systems is looking for a Software Developer to join their growing company.,Posted15 days ago,Estimated $82.2K – $104K a year
Computer Programmer,"Stenger & Stenger, PC","https://www.indeed.com/q-Stenger-&-Stenger,-PC-l-Grand-Rapids,-MI-jobs.html","Grand Rapids, MI 49546","The firm’s IT Team is looking for a meticulous and technically skilled Computer Programmer to develop and support our organization's systems, software, and…",EmployerActive 14 days ago,
"Engineer II, Software - - (Remote/Nationwide)",BDO,https://www.indeed.com/cmp/Bdo,"Remote in Grand Rapids, MI+1 location","The Software Engineer II is responsible for analyzing internal user needs to accurately design, construct and maintain a system to meet the individual needs of…",Posted10 days ago,Estimated $103K – $130K a year
Unity & Unreal Plugin Developer,Recruiting From Scratch,"https://www.indeed.com/q-Recruiting-From-Scratch-l-Kentwood,-MI-jobs.html","Remote in Kentwood, MI","They're developing cross-chain technology to power new gamer-first economies through a SaaS-style offering and looking for individuals who think big, build…",Posted22 days ago,
Software Engineer ($75K to $90K with Benefits & Bonuses),Jarvis Recruitment,https://www.indeed.com/addlLoc/redirect?tk=1fr2s8u473h91000&jk=937ce2bf2b4f3ea3&dest=%2Fjobs%3Fq%3Dprogrammer%26l%3Dgrand%2Brapids%2BMI%26grpKey%3D8gcGdG5mdGNsuA%252B4vq4gqhAeCglub3JtdGl0bGUaEXNvZnR3YXJlIGVuZ2luZWVy,"Rockford, MI 49341+1 location",Entry- to Mid-level Software Engineers.,Posted30+ days ago,
LabWindow Software Developer,Belcan LLC,https://www.indeed.com/cmp/Belcan-LLC,"Grand Rapids, MI",This is a full-time direct position with benefits.,EmployerActive 7 days ago,
Python Developer,Deloitte,https://www.indeed.com/cmp/Deloitte,"Grand Rapids, MI 49503 (Heartside area)+1 location",As an experienced Python Developer you will have the ability to share new ideas and collaborate on projects as a consultant without the extensive demands of…,Posted21 days ago,Estimated $84.9K – $108K a year
,Franklin Energy,https://www.indeed.com/cmp/Franklin-Energy,"Grand Rapids, MI 49544","The Senior Software Engineer will work on the within the Technology Group to expand, enhance and strengthen our technology platform to amplify the Company’s…",Posted3 days ago,Estimated $71.1K – $90.1K a year
,MKB Holdings,"https://www.indeed.com/q-Mkb-Holdings-l-Grand-Rapids,-MI-jobs.html","Grand Rapids, MI 49504 (Westside Connection area)",Dealership Advantage is currently seeking a DevOps Engineer for its enterprise dealer management system and cloud environments.,Posted2 days ago,Estimated $88.3K – $112K a year
Software Engineer,Lake Michigan Credit Union,https://www.indeed.com/cmp/Lake-Michigan-Credit-Union,"Grand Rapids, MI",Lake Michigan Credit Union is seeking a talented and self-motivated Software Engineer to assist in the creation of software for new initiatives while assisting…,Posted30+ days ago,Estimated $78.5K – $99.5K a year
Software Developer(253),Vernus Technologies,"https://www.indeed.com/q-Vernus-Technologies-l-Grand-Rapids,-MI-jobs.html","Grand Rapids, MI 49546","Perform business requirement analysis, impact analysis, and convert them into technical requirements.",Posted30+ days ago,Estimated $98K – $124K a year
,Baker Book House Co,https://www.indeed.com/cmp/Baker-Book-House,"Remote in Grand Rapids, MI",Reports To: Director of Digital Operations.,Posted6 days ago,Estimated $93.1K – $118K a year
Web Developer,Web Traffic Partners,"https://www.indeed.com/q-Web-Traffic-Partners-l-Grand-Rapids,-MI-jobs.html","Grand Rapids, MI 49546",The ideal candidate will be fluent with WordPress and committed to delivering professional level work while being a strong contributing team member.,Posted30+ days ago,Estimated $39.4K – $50K a year
Front End Web Developer,Wolverine Worldwide,https://www.indeed.com/cmp/Wolverine-Worldwide,"Rockford, MI","The Front End Web Developer is responsible for front-end development efforts for assigned brands, including ongoing updates to existing HTML content areas and…",Posted30+ days ago,Estimated $67K – $84.8K a year
,L3Harris Technologies,https://www.indeed.com/cmp/L3harris,"Grand Rapids, MI","L3Harris Aviation Products manufactures a diverse line of safety- and efficiency-enhancing products that set the standard for next-generation requirements,…",Posted1 day ago,
Software Engineer -- Night Shift (Remote),Dematic,https://www.indeed.com/cmp/Dematic,"Remote in Grand Rapids, MI+7 locations","Dematic is looking for a talented Software Support Engineer to provide remote, second level customer support with Dematic's Global Software Organization.",Posted8 days ago,Estimated $70.1K – $88.7K a year
Web Designer/Developer,Andronaco Industries,https://www.indeed.com/cmp/Andronaco-Industries,"Kentwood, MI","The successful candidate will be working with a small team to build, enhance and maintain our corporate websites.",Posted30+ days ago,
Salesforce Commerce UI/UX Developer,Steelcase,https://www.indeed.com/cmp/Steelcase,"Hybrid remote in Grand Rapids, MI","You will be collaborating extensively with other IT professionals and with business leaders, building relationships with them.",Posted22 days ago,
,KPMG,https://www.indeed.com/cmp/Kpmg-0828bc85,"Grand Rapids, MI+2 locations",Understand the application and platform development goals and design effective solutions.,Posted7 days ago,Estimated $114K – $144K a year
Associate Software Developer,Brooksource,https://www.indeed.com/cmp/Brooksource,"Grand Rapids, MI",*We cannot provide sponsorship at this time*.,Posted30+ days ago,
,Worksighted,https://www.indeed.com/cmp/Worksighted,"Holland, MI 49423",We are looking for an PC Deployment Engineer who will be responsible for carrying out the technical work that filters through client tickets into the Lab…,Posted3 days ago,Estimated $42.2K – $53.4K a year
Programmer Analyst III- GR Mainframe,SpartanNash,https://www.indeed.com/cmp/Spartannash,"Byron Center, MI 49315",Role will be responsible to lead and/or participate in the research and fact finding to modify or develop moderately complex company applications/information…,Posted30+ days ago,Estimated $68.8K – $87.2K a year
US Tech Javascript Automation Engineer,PRICE WATERHOUSE COOPERS,https://www.indeed.com/cmp/Pwc,"Grand Rapids, MI 49503 (Heartside area)","You’ll focus on managing the design and implementation of technology infrastructure within PwC, developing and enhancing both client and internal facing…",Posted30+ days ago,Estimated $82.3K – $104K a year
Software Product Engineer,Magna International Inc.,https://www.indeed.com/cmp/Magna-International-Inc,"Kentwood, MI 49512","Combining a deep systems knowledge to develop unique vehicle access experiences, intelligent visions systems and advanced automotive lighting technologies, MML…",Posted30+ days ago,Estimated $91.3K – $116K a year
,"Stefanini, Inc",https://www.indeed.com/cmp/Stefanini-IT-Solution,"Remote in Grand Rapids, MI","Designs, codes or configures, tests, debugs, deploys, documents and maintains large and/or complex programs, using a variety of software development toolkits,…",Posted3 days ago,
Embedded SW Development Engineer,GE Aviation,https://www.indeed.com/cmp/GE-Aviation,"Hybrid remote in Grand Rapids, MI+1 location","GE Aviation Systems Avionics Engineering is seeking entry level engineers interested in software engineering roles to help us invent the future of flight, lift…",Posted30+ days ago,Estimated $95.2K – $121K a year
Full Stack Developer - Location Open,Deloitte,https://www.indeed.com/cmp/Deloitte,"Grand Rapids, MI 49503 (Heartside area)+9 locations","As a Full Stack Developer Consultant for our HR Transformation team, you will use your knowledge and experience of HR operations and the ServiceNow HR Service…",Posted9 days ago,Estimated $84.3K – $107K a year
Senior Front End Developer,RaiseRight,"https://www.indeed.com/q-Raiseright-l-Grand-Rapids,-MI-jobs.html","Grand Rapids, MI 49508",Create end-user experiences primarily using React.js.,Posted30+ days ago,Estimated $96.8K – $123K a year
Mobile Application Developer,Salamander Technologies,"https://www.indeed.com/q-Salamander-Technologies-l-Grand-Rapids,-MI-jobs.html","Remote in Grand Rapids, MI","Skilled developer with drive and passion in Application Development with 2 to 4 years of work, responsible for enhancing existing mobile applications and…",EmployerActive 11 days ago,
,JR Automation,https://www.indeed.com/cmp/Jr-Automation,"Holland, MI 49424","Architect, design, develop and support software systems for manufacturing automation machines requiring: dynamic software solutions, custom software, algorithm…",Posted1 day ago,
,Rapidparts Inc.,https://www.indeed.com/cmp/Mitsubishi-Logisnext-Americas-Inc.,"Walker, MI 49544",Software development: Develop and provide on-going support for web-based and non-web-based applications to meet business requirements and web standards.,Posted8 days ago,
,Dematic,https://www.indeed.com/cmp/Dematic,"Grand Rapids, MI 49505 (Norteast Citizens Action area)+2 locations","Our commitment to product and solution R&D combined with manufacturing plants in the US, Europe, China and Australia ensures Dematic has the range and…",Posted6 days ago,
Ruby on Rails Developer,Victory Text,"https://www.indeed.com/q-Victory-Text-l-Grand-Rapids,-MI-jobs.html","Grand Rapids, MI 49503 (Heartside area)",In this role you will be maintaining and further developing our existing Ruby on Rails websites.,EmployerActive 2 days ago,
Junior Software Developer,Revature,https://www.indeed.com/cmp/Revature-8,"Wyoming, MI+1 location",College degree (Associates or Bachelors).,Posted30+ days ago,
Director of Web Development,Deksia,https://www.indeed.com/addlLoc/redirect?tk=1fr2s903osa29800&jk=53159201b6b9b068&dest=%2Fjobs%3Fq%3Dprogrammer%26l%3Dgrand%2Brapids%2BMI%26grpKey%3D8gcGdG5mdGNsuA%252Fa%252FqceqhAaCglub3JtdGl0bGUaDXdlYiBkZXZlbG9wZXI%253D,"Grand Rapids, MI 49503 (Belknap Lookout area)+1 location","Deksia is a full-service agency, so developers will also work closely with other departments such as our copywriting, video + photo, and digital strategy.",EmployerActive 11 days ago,
Full Stack Developer,Crowe,https://www.indeed.com/cmp/Crowe,"Grand Rapids, MI 49503 (Heartside area)","As a Full Stack Developer, you will play a key role for both our project teams and Engineering team.",Posted21 days ago,
LabVIEW Developer,Disher,https://www.indeed.com/cmp/Disher,"Holland, MI","In this role, you will design, organize, direct and complete technical work to develop new and existing product validation and verification equipment to support…",Posted22 days ago,
Senior Salesforce Developer,Steelcase,https://www.indeed.com/cmp/Steelcase,"Hybrid remote in Grand Rapids, MI",This role will be focused on the development and delivery of eCommerce systems at Steelcase using the Salesforce B2B Commerce cloud application.,Posted30+ days ago,
Front End Web Developer,Cull Group Marketing & Design,"https://www.indeed.com/q-Cull-Group-Marketing-&-Design-l-Grand-Rapids,-MI-jobs.html","Grand Rapids, MI 49506",At least 2 years of web development experience.,Posted30+ days ago,
Machine Learning Engineer (Speech to Text Startup),Recruiting From Scratch,https://www.indeed.com/addlLoc/redirect?tk=1fr2s903osa29800&jk=cc289baf3e0a71ba&dest=%2Fjobs%3Fq%3Dprogrammer%26l%3Dgrand%2Brapids%2BMI%26grpKey%3D8gcGdG5mdGNsuA%252Fi0so2qhAmCglub3JtdGl0bGUaGW1hY2hpbmUgbGVhcm5pbmcgZW5naW5lZXI%253D,"Remote in Kentwood, MI+7 locations","Their AI-powered collaborative note-taking app works across Zoom, Google Meet, and Microsoft Teams to help teams record, transcribe, search and share meeting…",Posted30+ days ago,
,Recruiting From Scratch,https://www.indeed.com/addlLoc/redirect?tk=1fr2s903osa29800&jk=22c6972356541f0e&dest=%2Fjobs%3Fq%3Dprogrammer%26l%3Dgrand%2Brapids%2BMI%26grpKey%3D8gcGdG5mdGNsuA%252Fi0so2qhAdCglub3JtdGl0bGUaEGVuZ2luZWVyaW5nIGxlYWQ%253D,"Remote in Kentwood, MI+1 location","Lead a team of elite software engineers to set and build the product vision of our client, delivering a negative-churn developer experience, in a longterm…",Posted1 day ago,
Software Developer,Progressive AE,https://www.indeed.com/cmp/Progressive-Ae,"Grand Rapids, MI 49525","As a software developer, you will oversee the Progressive AE technology life-cycle duties to bring our applications to completion while exceeding business…",EmployerActive 2 days ago,
,Boston Technology,"https://www.indeed.com/q-Boston-Technology-l-Grand-Rapids,-MI-jobs.html","Grand Rapids, MI","Minimum 2 years of experience in systems development and programming (.NET, C#, Azure: Logic Apps, Function Apps, CosmosDB, Storage Account, and Restful APIs).",Posted3 days ago,
Software Developer II,Springthrough,https://www.indeed.com/cmp/Springthrough,"Grand Rapids, MI 49546+1 location",Participate in the full life-cycle duties to bring clients projects to completion all the while exceeding their expectations.,EmployerActive 2 days ago,
Avionics Software Engineer,Belcan LLC,https://www.indeed.com/cmp/Belcan-LLC,"Grand Rapids, MI 49512",This is a full-time direct position with benefits.,EmployerActive 9 days ago,Estimated $85.7K – $109K a year
Software Engineer,L3Harris Technologies,https://www.indeed.com/cmp/L3harris,"Grand Rapids, MI",As a Software Engineer you will develop software for a diverse customer base across commercial and military aerospace segment.,Posted30+ days ago,Estimated $68.9K – $87.3K a year
,"Stefanini, Inc",https://www.indeed.com/cmp/Stefanini-IT-Solution,"Remote in Grand Rapids, MI","Designs, codes or configures, tests, debugs, deploys, documents and maintains large and/or complex programs, using a variety of software development toolkits,…",Posted3 days ago,
,"CCI Systems, Inc.","https://www.indeed.com/cmp/Cci-Systems,-Inc.","Remote in Grand Rapids, MI","We offer a comprehensive benefits package, competitive pay, flexibility, paid on the job training, overtime, professional development, and inspire you to be…",Posted6 days ago,Estimated $61.4K – $77.8K a year
Senior Quality Assurance Automation Engineer,Spectrum Health,https://www.indeed.com/cmp/Spectrum-Health-1,"Grand Rapids, MI","This role will partner with a highly collaborative development team to ensure text messages (SMS), emails, and digitized voice messages sent to patients and…",Posted30+ days ago,
Software Engineer,"Byrne Electrical Specialists, Inc",https://www.indeed.com/cmp/Byrne-Electrical-Specialists,"Rockford, MI 49341",Job Summary: This role helps drive Byrne’s digital customer presence through collaboration across the organization (or across our departments) in partnership…,Posted30+ days ago,Estimated $77.4K – $98K a year
,Dematic,https://www.indeed.com/cmp/Dematic,"Grand Rapids, MI 49505 (Norteast Citizens Action area)","Our commitment to product and solution R&D combined with manufacturing plants in the US, Europe, China and Australia ensures Dematic has the range and…",Posted6 days ago,Estimated $91.6K – $116K a year
,Deloitte,https://www.indeed.com/cmp/Deloitte,"Grand Rapids, MI 49503 (Heartside area)+12 locations","Create, implement, and the development of scripts to automate everyday operations.",PostedToday,Estimated $100K – $127K a year
,MKB Holdings,"https://www.indeed.com/q-Mkb-Holdings-l-Grand-Rapids,-MI-jobs.html","Grand Rapids, MI 49504 (Westside Connection area)",Must have a proven track record designing and developing enterprise scalable systems (multi-tenant web-based) using C# - .,Posted7 days ago,Estimated $63.6K – $80.6K a year
,L3Harris Technologies,https://www.indeed.com/cmp/L3harris,"Grand Rapids, MI","L3Harris Aviation Products manufactures a diverse line of safety- and efficiency-enhancing products that set the standard for next-generation requirements,…",Posted3 days ago,
,KPMG,https://www.indeed.com/cmp/Kpmg-0828bc85,"Grand Rapids, MI+2 locations",Understand the application and platform development goals and design effective solutions.,Posted7 days ago,Estimated $114K – $144K a year
Front End Web Developer,Cull Group Marketing & Design,"https://www.indeed.com/q-Cull-Group-Marketing-&-Design-l-Grand-Rapids,-MI-jobs.html","Grand Rapids, MI 49506",At least 2 years of web development experience.,Posted30+ days ago,Estimated $47K – $59.6K a year
iOS Developer,Deloitte,https://www.indeed.com/cmp/Deloitte,"Grand Rapids, MI 49503 (Heartside area)","As an experienced iOS Developer, you will have the ability to share new ideas and collaborate on projects as a consultant without the extensive demands of…",Posted30+ days ago,
Software System Integration Engineer,Dematic,https://www.indeed.com/cmp/Dematic,"Grand Rapids, MI+1 location",Through the office and on-site project development phases you will get to combine the theoretical part of the QA process with the practical one.,Posted30+ days ago,Estimated $94.2K – $119K a year
Software Product Engineer,Magna International Inc.,https://www.indeed.com/cmp/Magna-International-Inc,"Kentwood, MI 49512","Combining a deep systems knowledge to develop unique vehicle access experiences, intelligent visions systems and advanced automotive lighting technologies, MML…",Posted30+ days ago,Estimated $91.3K – $116K a year
,L3Harris Technologies,https://www.indeed.com/cmp/L3harris,"Grand Rapids, MI",Job Title: Hardware/Software Test Design Engineer.,Posted3 days ago,
,Recruiting From Scratch,https://www.indeed.com/addlLoc/redirect?tk=1fr2s924vsa6h800&jk=22c6972356541f0e&dest=%2Fjobs%3Fq%3Dprogrammer%26l%3Dgrand%2Brapids%2BMI%26grpKey%3D8gcGdG5mdGNsuA%252Fi0so2qhAdCglub3JtdGl0bGUaEGVuZ2luZWVyaW5nIGxlYWQ%253D,"Remote in Kentwood, MI+1 location",Who is Recruiting from Scratch:,Posted1 day ago,Estimated $119K – $151K a year
,KPMG,https://www.indeed.com/cmp/Kpmg-0828bc85,"Grand Rapids, MI+2 locations",We are The Lighthouse within KPMG's Consulting practice.,Posted7 days ago,Estimated $114K – $144K a year
Front End Web Developer,Cull Group Marketing & Design,"https://www.indeed.com/q-Cull-Group-Marketing-&-Design-l-Grand-Rapids,-MI-jobs.html","Grand Rapids, MI 49506","Cull Group is looking for a well-rounded web developer who is driven to learn, accept challenges, and craft effective solutions as part of our talented creative…",Posted30+ days ago,Estimated $47K – $59.6K a year
iOS Developer,Deloitte,https://www.indeed.com/cmp/Deloitte,"Grand Rapids, MI 49503 (Heartside area)","Are you an experienced, passionate pioneer in technology?",Posted30+ days ago,
Software System Integration Engineer,Dematic,https://www.indeed.com/cmp/Dematic,"Grand Rapids, MI","This is an exciting opportunity to join the team in our beautiful office in Atlanta, GA.",Posted30+ days ago,Estimated $94.2K – $119K a year
Software Product Engineer,Magna International Inc.,https://www.indeed.com/cmp/Magna-International-Inc,"Kentwood, MI 49512","The Mechatronics, Mirrors and Lighting group specializes in automotive technologies that are driving the future of mobility.",Posted30+ days ago,Estimated $91.3K – $116K a year
,MKB Holdings,"https://www.indeed.com/q-Mkb-Holdings-l-Grand-Rapids,-MI-jobs.html","Grand Rapids, MI 49504 (Westside Connection area)","Dealership Advantage is a cloud-based, integrated dealership and OEM management platform currently serving the marine market.",Posted2 days ago,Estimated $88.3K – $112K a year
,JR Automation,https://www.indeed.com/cmp/Jr-Automation,"Holland, MI 49424","As an IT Manager for Applications Development, you will be responsible for overseeing the development and implementation of custom software applications.",Posted1 day ago,
Senior Front End Developer,RaiseRight,"https://www.indeed.com/q-Raiseright-l-Grand-Rapids,-MI-jobs.html","Grand Rapids, MI 49508","As a Senior Front End Engineer, you will play a critical role on RaiseRight's Technology team.",Posted30+ days ago,Estimated $96.8K – $123K a year
Controls/Software Engineer,Dematic,https://www.indeed.com/cmp/Dematic,"Grand Rapids, MI","The job candidate will demonstrate, validate and test all software and controls components of the Tech Center and serve as the liaison to the various product…",Posted30+ days ago,Estimated $91.6K – $116K a year
"Engineer II, Software - - (Remote/Nationwide)",BDO,https://www.indeed.com/cmp/Bdo,"Remote in Grand Rapids, MI+1 location",BDO’s Core Purpose is Helping People Thrive Every Day.,Posted10 days ago,Estimated $103K – $130K a year
APPLICATION DEVELOPER,Ascent Brands,"https://www.indeed.com/q-Ascent-Brands-l-Caledonia,-MI-jobs.html","Caledonia, MI 49316",Ascent Brands is a direct-mail catalog supplier of unique and hard-to-find items for laboratory and healthcare professionals.,Posted30+ days ago,Estimated $53.3K – $67.5K a year
Web Designer / Front End Developer,"UFP Industries, Inc.","https://www.indeed.com/cmp/Ufp-Industries,-Inc.","Grand Rapids, MI 49525",The Web Designer will work with the Web Development team on all changes and projects relative to web design.,Posted30+ days ago,
Junior Software Developer,Revature,https://www.indeed.com/cmp/Revature-8,"Wyoming, MI+1 location",Revature is the fastest growing employer of emerging technology talent in the US.,Posted30+ days ago,Estimated $61.8K – $78.2K a year
CET Software Developer,KION Group AG,https://www.indeed.com/addlLoc/redirect?tk=1fr2s92u0s7ha801&jk=197156263b4c7a07&dest=%2Fjobs%3Fq%3Dprogrammer%26l%3Dgrand%2Brapids%2BMI%26grpKey%3D8gcGdG5mdGNsuA%252Bq4cQVqhAeCglub3JtdGl0bGUaEXNvZnR3YXJlIGVuZ2luZWVy,"Grand Rapids, MI+1 location",The qualified individual will be responsible for software development of the Dematic extension used in the Configura CET Designer application.,Posted30+ days ago,
Senior Controls Software Engineer,Dematic,https://www.indeed.com/cmp/Dematic,"Grand Rapids, MI","In this role you will drive the implementation of proof of concepts for our system architecture, AI, and HMI initiatives, which will support various solutions,…",Posted30+ days ago,
Java Developer,nFolks Data Solutions,"https://www.indeed.com/q-Nfolks-Data-Solutions-l-Grand-Rapids,-MI-jobs.html","Grand Rapids, MI",Bachelor's or Master's Degree in Computer Science or Information Systems.,Posted30+ days ago,
Senior Backend Engineer,WedgeHR,"https://www.indeed.com/q-Wedgehr-l-Grand-Rapids,-MI-jobs.html","Grand Rapids, MI 49503 (Heritage Hill area)",Candidates record a one-way interview on their time and recruiters review it on theirs.,Posted30+ days ago,
Junior Software Developer,Revature,https://www.indeed.com/cmp/Revature-8,"Wyoming, MI+1 location",College degree (Associates or Bachelors).,Posted30+ days ago,
"Associate, Software Engineering",KPMG,https://www.indeed.com/cmp/Kpmg-0828bc85,"Grand Rapids, MI+2 locations","Rapidly architect, design, prototype and implement architectures to tackle the Big Data needs for a variety of Fortune 1000 corporations and other major…",Posted30 days ago,
Application Development Analyst - AWS Cloud Developer,Spectrum Health,https://www.indeed.com/cmp/Spectrum-Health-1,"Grand Rapids, MI","You will also help create and externalize APIs to deliver data using modern, cloud-based patterns to internal and external consumers.",Posted29 days ago,
Web Designer / Front End Developer,"UFP Industries, Inc.","https://www.indeed.com/cmp/Ufp-Industries,-Inc.","Grand Rapids, MI 49525",The Web Designer will work with the Web Development team on all changes and projects relative to web design.,Posted30+ days ago,
Software Engineering Manager,Dematic,https://www.indeed.com/cmp/Dematic,"Grand Rapids, MI",The Software Engineering Manager will be responsible for spearheading a team which will develop software solutions for the implementation of our innovative…,Posted29 days ago,
ServiceNow Developer Consultant - Location Open,Deloitte,https://www.indeed.com/cmp/Deloitte,"Grand Rapids, MI 49503 (Heartside area)","You will perform day-to-day support and maintenance, work with the functional team to develop solutions in ServiceNow and coordinate support and development…",Posted26 days ago,
Senior Software Engineer,ZoomInfo Technologies LLC,https://www.indeed.com/cmp/Zoominfo,"Grand Rapids, MI","If you like working on tough problems, whether that's building systems that handle millions of customer requests per day or how to make sense of over a billion…",Posted9 days ago,
Sr. Oracle Programmer Analyst,BISSELL Homecare,https://www.indeed.com/cmp/Bissell,"Grand Rapids, MI 49544",You will provide leadership and support in architecting both on premise and Cloud solutions.,Posted30+ days ago,
Advanced Lead Engineer - Embedded Software Development,GE Aviation,https://www.indeed.com/cmp/GE-Aviation,"Grand Rapids, MI 49512+1 location",This position is for a Lead Embedded Software Engineer for the New Products and Adjacencies line within the Mission Systems group.,Posted30+ days ago,
Flow | Staff Engineer (JavaScript Framework),Recruiting From Scratch,https://www.indeed.com/addlLoc/redirect?tk=1fr2s92u0s7ha801&jk=798f865023eb0ae2&dest=%2Fjobs%3Fq%3Dprogrammer%26l%3Dgrand%2Brapids%2BMI%26grpKey%3D8gcGdG5mdGNsuA%252Fi0so2qhAbCglub3JtdGl0bGUaDnN0YWZmIGVuZ2luZWVy,"Remote in Kentwood, MI+2 locations","They are also the original developers behind Flow, a new decentralized blockchain designed from the ground up for scalability and ease of use.",Posted30+ days ago,
Golang Engineer,Recruiting From Scratch,https://www.indeed.com/addlLoc/redirect?tk=1fr2s92u0s7ha801&jk=50bead8d3ec5cd7f&dest=%2Fjobs%3Fq%3Dprogrammer%26l%3Dgrand%2Brapids%2BMI%26grpKey%3D8gcGdG5mdGNsuA%252Fi0so2qhAVCglub3JtdGl0bGUaCGVuZ2luZWVy,"Remote in Kentwood, MI+1 location",Responsible for the R & D and maintenance of the server of the platform;,Posted30+ days ago,
,Xplor,"https://www.indeed.com/q-Xplor-l-Grand-Rapids,-MI-jobs.html","Grand Rapids, MI","Contributing clean infrastructure code to optimize system reliability, performance, and efficiency.",Posted6 days ago,Estimated $97.4K – $123K a year
Offboard Developer/ Software Engineer,KION Group,https://www.indeed.com/addlLoc/redirect?tk=1fr2s93mau3vk800&jk=ddbff054277662f7&dest=%2Fjobs%3Fq%3Dprogrammer%26l%3Dgrand%2Brapids%2BMI%26grpKey%3D8gcGdG9mdGNsuA%252Bw9aMBqhAkCgtvY2N1cGF0aW9ucxoFNU5ONTMaBUVIUFc5GgVISlNYNkAB,"Holland, MI+1 location",Our attractive and market competitive total rewards packages are designed to reward high performance and to assist in managing your personal and family needs.,Posted30+ days ago,Estimated $91.7K – $116K a year
Solution Architect - .NET and Azure Dev,Meijer,https://www.indeed.com/cmp/Meijer,"Grand Rapids, MI",The Meijer store Customer Experience train is seeking a Solution Architect or Senior lead level .,Posted30+ days ago,Estimated $124K – $157K a year
Cloud DevOps Engineer,Compliance Systems,https://www.indeed.com/cmp/Compliance-Systems,"Grand Rapids, MI 49546",The Cloud DevOps Engineer role is responsible for supporting and advising engineering and product teams through all application life cycle phases to ensure…,Posted30+ days ago,Estimated $98.1K – $124K a year
Software Cloud Engineer,KION Group AG,"https://www.indeed.com/q-Kion-Group-Ag-l-Grand-Rapids,-MI-jobs.html","Grand Rapids, MI","Dematic is seeking Software Engineers with the ability to design and implement large-scale software solutions, focusing on microservice architectures and…",Posted30+ days ago,Estimated $99.2K – $126K a year
Platform and Test Software Advanced Lead Engineer,GE Aviation,https://www.indeed.com/cmp/GE-Aviation,"Grand Rapids, MI 49512","The Platform and Test Software Advanced Lead Engineer demonstrates accountability for functional, business, and broad company objectives.",Posted15 days ago,Estimated $117K – $148K a year
Agile Tools Application Development Analyst (Associate),Spectrum Health,https://www.indeed.com/cmp/Spectrum-Health-1,"Caledonia, MI 49316","Under direct supervision, assists in responding to requests from users for new or modified Agile systems.",Posted16 days ago,Estimated $54.5K – $68.9K a year
,GREATLAND CORPORATION,https://www.indeed.com/cmp/Greatland-Corporation,"Grand Rapids, MI 49544","Working with industry-leading technology, the Senior Cloud Engineer designs and implements secure, scalable, resilient, maintainable, and testable cloud…",Posted6 days ago,Estimated $90.1K – $114K a year
Sr. AWS Cloud/DevOps Engineer,Deloitte,https://www.indeed.com/cmp/Deloitte,"Grand Rapids, MI 49503 (Heartside area)+4 locations",The practice aims at developing service-oriented architecture (SOA) and other integration solutions to enable information sharing and management between…,Posted22 days ago,Estimated $110K – $140K a year
,Gentex Corporation,https://www.indeed.com/cmp/Gentex-Corporation,"Zeeland, MI","Build, assemble and modify custom manufacturing equipment and machinery.",Posted2 days ago,Estimated $71K – $89.8K a year
Junior Software Developer,Revature,https://www.indeed.com/cmp/Revature-8,"Wyoming, MI+1 location",College degree (Associates or Bachelors).,Posted30+ days ago,Estimated $61.8K – $78.2K a year
Senior Backend Engineer (Payment Startup for Trucking),Recruiting From Scratch,https://www.indeed.com/addlLoc/redirect?tk=1fr2s93mau3vk800&jk=814d069c8965cbcd&dest=%2Fjobs%3Fq%3Dprogrammer%26l%3Dgrand%2Brapids%2BMI%26grpKey%3D8gcGdG9mdGNsuA%252Fi0so2qhArCgtvY2N1cGF0aW9ucxoFNU5ONTMaBUVHNk1QGgVFSFBXORoFSEpTWDZAAQ%253D%253D,"Remote in Kentwood, MI+27 locations",Our client is building Stripe for Transportation - modernizing payments infrastructure in the trucking industry.,Posted14 days ago,Estimated $122K – $155K a year
DevOps Cloud Engineer (Remote),Dematic,https://www.indeed.com/cmp/Dematic,"Remote in Grand Rapids, MI","This is a key position in our Hosting team within our Infrastructure group, which is responsible for designing and developing scalable, maintainable, and highly…",Posted30+ days ago,Estimated $95.8K – $121K a year
Java Developer,Baudville Brands,https://www.indeed.com/cmp/Baudville-Brands,"Grand Rapids, MI 49512",The Java Developer will be joining the RecogNation team responsible for maintaining and updating a world class client facing rewards and recognition portal.,Posted30+ days ago,Estimated $92K – $116K a year
Analyst (Professional) Software Engineer,Dematic,https://www.indeed.com/cmp/Dematic,"Grand Rapids, MI",Then check out Dematic – the Global Leader in the Logistics and Material Handling Industry.,Posted30 days ago,
,Crowe,https://www.indeed.com/cmp/Crowe,"Grand Rapids, MI 49503 (Heartside area)",The team is responsible for development and quality assurance tasks related to healthcare data and has heavy focus areas on data integration and management as…,Posted7 days ago,Estimated $99.7K – $126K a year
"Sr. Python Developer - Grand Rapids, Michigan","Projé, Inc.",https://www.indeed.com/cmp/Proje,"Grand Rapids, MI","As a trusted advisor, Projé provides the knowledge, skills, and leadership to help clients achieve their goals.",Posted30+ days ago,Estimated $103K – $131K a year
,Xplor,"https://www.indeed.com/q-Xplor-l-Grand-Rapids,-MI-jobs.html","Grand Rapids, MI","Contributing clean infrastructure code to optimize system reliability, performance, and efficiency.",Posted6 days ago,Estimated $97.4K – $123K a year
Offboard Developer/ Software Engineer,KION Group,https://www.indeed.com/addlLoc/redirect?tk=1fr2s947vhilc801&jk=ddbff054277662f7&dest=%2Fjobs%3Fq%3Dprogrammer%26l%3Dgrand%2Brapids%2BMI%26grpKey%3D8gcGdG5mdGNsuA%252Bw9aMBqhAeCglub3JtdGl0bGUaEXNvZnR3YXJlIGVuZ2luZWVy,"Holland, MI+1 location",Our attractive and market competitive total rewards packages are designed to reward high performance and to assist in managing your personal and family needs.,Posted30+ days ago,Estimated $91.7K – $116K a year
Solution Architect - .NET and Azure Dev,Meijer,https://www.indeed.com/cmp/Meijer,"Grand Rapids, MI",The Meijer store Customer Experience train is seeking a Solution Architect or Senior lead level .,Posted30+ days ago,Estimated $124K – $157K a year
Cloud DevOps Engineer,Compliance Systems,https://www.indeed.com/cmp/Compliance-Systems,"Grand Rapids, MI 49546",The Cloud DevOps Engineer role is responsible for supporting and advising engineering and product teams through all application life cycle phases to ensure…,Posted30+ days ago,Estimated $98.1K – $124K a year
Software Cloud Engineer,KION Group AG,"https://www.indeed.com/q-Kion-Group-Ag-l-Grand-Rapids,-MI-jobs.html","Grand Rapids, MI","Dematic is seeking Software Engineers with the ability to design and implement large-scale software solutions, focusing on microservice architectures and…",Posted30+ days ago,Estimated $99.2K – $126K a year
Platform and Test Software Advanced Lead Engineer,GE Aviation,https://www.indeed.com/cmp/GE-Aviation,"Grand Rapids, MI 49512","The Platform and Test Software Advanced Lead Engineer demonstrates accountability for functional, business, and broad company objectives.",Posted15 days ago,Estimated $117K – $148K a year
Principal Software Engineer (Series C Fitness Startup),Recruiting From Scratch,https://www.indeed.com/addlLoc/redirect?tk=1fr2s947vhilc801&jk=7d828dac8d34b842&dest=%2Fjobs%3Fq%3Dprogrammer%26l%3Dgrand%2Brapids%2BMI%26grpKey%3D8gcGdG5mdGNsuA%252Fi0so2qhAoCglub3JtdGl0bGUaG3ByaW5jaXBhbCBzb2Z0d2FyZSBlbmdpbmVlcg%253D%253D,"Remote in Kentwood, MI+2 locations","Using 3D sensors and A.I., the product enables expert coaches to correct your form and provide personalized feedback in real-time.",Posted30+ days ago,Estimated $145K – $183K a year
Sr Application Development Analyst (Salesforce),Spectrum Health,https://www.indeed.com/cmp/Spectrum-Health-1,"Grand Rapids, MI","Designs, codes or configures, tests, debugs, deploys, documents and maintains large and/or complex programs, using a variety of software development toolkits,…",Posted30+ days ago,Estimated $79.8K – $101K a year
,GREATLAND CORPORATION,https://www.indeed.com/cmp/Greatland-Corporation,"Grand Rapids, MI 49544","Working with industry-leading technology, the Senior Cloud Engineer designs and implements secure, scalable, resilient, maintainable, and testable cloud…",Posted6 days ago,Estimated $90.1K – $114K a year
AMR/Mobile Automation - Solution Concept Developer and Estimator,Dematic,https://www.indeed.com/cmp/Dematic,"Grand Rapids, MI","The ideal candidate should have 3 to 5 years’ experience working with the application of material handling solutions, with specific interest in mobile…",Posted30+ days ago,Estimated $75K – $95K a year
,Gentex Corporation,https://www.indeed.com/cmp/Gentex-Corporation,"Zeeland, MI","Build, assemble and modify custom manufacturing equipment and machinery.",Posted2 days ago,Estimated $71K – $89.8K a year
Junior Software Developer,Revature,https://www.indeed.com/cmp/Revature-8,"Wyoming, MI+1 location",College degree (Associates or Bachelors).,Posted30+ days ago,Estimated $61.8K – $78.2K a year
Senior Frontend Engineer (NBA Top Shot_,Recruiting From Scratch,https://www.indeed.com/addlLoc/redirect?tk=1fr2s947vhilc801&jk=02148f5cbc7322a8&dest=%2Fjobs%3Fq%3Dprogrammer%26l%3Dgrand%2Brapids%2BMI%26grpKey%3D8gcGdG5mdGNsuA%252Fi0so2qhAcCglub3JtdGl0bGUaD3NlbmlvciBlbmdpbmVlcg%253D%253D,"Remote in Kentwood, MI+8 locations","They are also the original developers behind Flow, a new decentralized blockchain designed from the ground up for scalability and ease of use.",Posted30+ days ago,Estimated $114K – $144K a year
SDET - Software Developer Engineer in Test,Dewpoint,https://www.indeed.com/cmp/Dewpoint,"Grand Rapids, MI","In this role, you will provide technical expertise for UI and web service functional and automation testing.",Posted14 days ago,
Junior Software Developer,Revature,https://www.indeed.com/cmp/Revature-8,"Wyoming, MI+1 location",College degree (Associates or Bachelors).,Posted30+ days ago,Estimated $61.8K – $78.2K a year
Embedded Software Engineer,DornerWorks,https://www.indeed.com/cmp/Dornerworks,"Hybrid remote in Grand Rapids, MI","At DornerWorks, our Embedded Software Engineers are responsible for developing great software for a wide variety of our customer’s products.",Posted30+ days ago,Estimated $84.5K – $107K a year
Senior Frontend Engineer (Seed Stage Startups),Recruiting From Scratch,"https://www.indeed.com/q-Recruiting-From-Scratch-l-Kentwood,-MI-jobs.html","Remote in Kentwood, MI","As a Senior Front End Engineer, you will help to build internal and external facing Web applications that will enable our clients to effectively build for their…",Posted30+ days ago,Estimated $109K – $137K a year
,PRICE WATERHOUSE COOPERS,https://www.indeed.com/cmp/Pwc,"Grand Rapids, MI 49503 (Heartside area)+1 location","You’ll focus on managing the design and implementation of technology infrastructure within PwC, developing and enhancing both client and internal facing…",Posted2 days ago,Estimated $82.2K – $104K a year
Senior Software Engineer,Mutually Human,"https://www.indeed.com/q-Mutually-Human-l-Kentwood,-MI-jobs.html","Kentwood, MI 49512",The Company partners with its clients to develop and deliver cutting-edge customized software solutions that are integral to its client’s core business…,Posted30+ days ago,Estimated $108K – $136K a year
Software Engineer (Speech to Code Startup),Recruiting From Scratch,https://www.indeed.com/addlLoc/redirect?tk=1fr2s94opu27p800&jk=e06452275885777d&dest=%2Fjobs%3Fq%3Dprogrammer%26l%3Dgrand%2Brapids%2BMI%26grpKey%3D8gcGdG5mdGNsuA%252Fi0so2qhAeCglub3JtdGl0bGUaEXNvZnR3YXJlIGVuZ2luZWVy,"Remote in Kentwood, MI+20 locations",Build on top of open-source technologies like Tree Sitter and the Language Server Protocol to iterate on our generalized code transformation platform.,Posted27 days ago,Estimated $107K – $136K a year
Lead Software Engineer - Electronics,BISSELL Homecare,https://www.indeed.com/cmp/Bissell,"Grand Rapids, MI 49544","The Lead Electrical Engineer is responsible for integration of electrical, electronic, and software systems into developments of new floor care products,…",Posted30+ days ago,Estimated $105K – $133K a year
Sr. Ruby on Rails Engineer,KPMG,https://www.indeed.com/cmp/Kpmg-0828bc85,"Grand Rapids, MI","Collaborate with peers to design, write, document, deploy and maintain software systems.",Posted30+ days ago,Estimated $108K – $136K a year
Software Engineering Manager (Private Crypto Startup),Recruiting From Scratch,https://www.indeed.com/addlLoc/redirect?tk=1fr2s94opu27p800&jk=0506504cf6ad6109&dest=%2Fjobs%3Fq%3Dprogrammer%26l%3Dgrand%2Brapids%2BMI%26grpKey%3D8gcGdG5mdGNsuA%252Fi0so2qhApCglub3JtdGl0bGUaHHNvZnR3YXJlIGVuZ2luZWVyaW5nIG1hbmFnZXI%253D,"Remote in Kentwood, MI+6 locations",Our client is a new cryptocurrency that takes no shortcuts on privacy and usability.,Posted30+ days ago,Estimated $116K – $147K a year
Senior Quality Assurance Automation Engineer,Spectrum Health,https://www.indeed.com/cmp/Spectrum-Health-1,"Grand Rapids, MI","This role will partner with a highly collaborative development team to ensure text messages (SMS), emails, and digitized voice messages sent to patients and…",Posted30+ days ago,
Web Designer / Front End Developer,"UFP Industries, Inc.","https://www.indeed.com/cmp/Ufp-Industries,-Inc.","Grand Rapids, MI 49525",The Web Designer will work with the Web Development team on all changes and projects relative to web design.,Posted30+ days ago,
Java Developer,AirySoft,"https://www.indeed.com/q-Airysoft-l-Grand-Rapids,-MI-jobs.html","Grand Rapids, MI 49546","AirySoft, Inc. (Grand Rapids, MI) seeks Java Developer to design, develop, deploy and support large scale distributed systems and applications using Java/J2EE…",Posted30+ days ago,Estimated $76.8K – $97.2K a year
Software Engineering Manager,Dematic,https://www.indeed.com/cmp/Dematic,"Grand Rapids, MI",The Software Engineering Manager will be responsible for spearheading a team which will develop software solutions for the implementation of our innovative…,Posted29 days ago,Estimated $99.1K – $125K a year
Cloud DevOps Engineer,Compliance Systems,https://www.indeed.com/cmp/Compliance-Systems,"Grand Rapids, MI 49546",The Cloud DevOps Engineer role is responsible for supporting and advising engineering and product teams through all application life cycle phases to ensure…,Posted30+ days ago,Estimated $98.1K – $124K a year
Software Developer Engineer in Test II,DT Professional Services,"https://www.indeed.com/q-Dt-Professional-Services-l-Caledonia,-MI-jobs.html","Caledonia, MI 49316",3 year Java Experience with Selenium preferred.,Posted30+ days ago,Estimated $79.8K – $101K a year
Software Engineer - (Remote/Nationwide),BDO,https://www.indeed.com/cmp/Bdo,"Remote in Grand Rapids, MI+1 location","The Software Engineer I is responsible for analyzing internal user needs to accurately design, construct, implement and maintain a system to meet the individual…",Posted10 days ago,Estimated $92K – $117K a year
Software Engineer Point of Sale,Gordon Food Service,,"Wyoming, MI","The Software Engineer - POS is responsible for providing analytical, development, and configuration support for our Toshiba 4690OS/ACE POS and CHEC Application…",Posted16 days ago,
Sr Application Development Analyst (Salesforce),Spectrum Health,https://www.indeed.com/cmp/Spectrum-Health-1,"Grand Rapids, MI","Designs, codes or configures, tests, debugs, deploys, documents and maintains large and/or complex programs, using a variety of software development toolkits,…",Posted30+ days ago,Estimated $79.8K – $101K a year
Alchemy | Backend Engineer,Recruiting From Scratch,https://www.indeed.com/addlLoc/redirect?tk=1fr2s957uu3d1800&jk=091507ebff818161&dest=%2Fjobs%3Fq%3Dprogrammer%26l%3Dgrand%2Brapids%2BMI%26grpKey%3D8gcGdG5mdGNsuA%252Fi0so2qhAfCglub3JtdGl0bGUaEmJhY2sgZW5kIGRldmVsb3Blcg%253D%253D,"Remote in Kentwood, MI+22 locations","Define the vision for the backend infrastructure that supports our developer platform and APIs, and guide the team in executing against that vision.",Posted27 days ago,Estimated $116K – $147K a year
Associate Software Developer,Brooksource,https://www.indeed.com/cmp/Brooksource,"Grand Rapids, MI",*We cannot provide sponsorship at this time*.,Posted30+ days ago,
Android Engineer,Meijer,https://www.indeed.com/cmp/Meijer,"Grand Rapids, MI",Meijer is seeking Mobile Software Engineers with Native Android development experience who are Passionate about Android development and building an innovative…,Posted30+ days ago,Estimated $98.4K – $125K a year
"US Tech - Senior Developer, Oracle HCM & PeopleSoft (Remote)",PRICE WATERHOUSE COOPERS,https://www.indeed.com/cmp/Pwc,"Remote in Grand Rapids, MI","You’ll focus on managing the design and implementation of technology infrastructure within PwC, developing and enhancing both client and internal facing…",Posted30+ days ago,Estimated $106K – $135K a year
Signal Processing Software Engineer (Autonomous Startup),Recruiting From Scratch,"https://www.indeed.com/q-Recruiting-From-Scratch-l-Kentwood,-MI-jobs.html","Remote in Kentwood, MI","Candidates must be located or willing to relocate to the Bay Area, and/or work Hybrid (one week on/ one week off).",Posted30+ days ago,Estimated $110K – $139K a year
Sr. Automation Test Engineer,Kuecker Pulse Integration,"https://www.indeed.com/q-Kuecker-Pulse-Integration-l-Grand-Rapids,-MI-jobs.html","Grand Rapids, MI",_them with proven design and operational strategies to help improve our customers’ operations.,Posted30 days ago,
US Technology - Technical Lead (Angular/NodeJS),PRICE WATERHOUSE COOPERS,https://www.indeed.com/cmp/Pwc,"Grand Rapids, MI 49503 (Heartside area)","You’ll focus on managing the design and implementation of technology infrastructure within PwC, developing and enhancing both client and internal facing…",Posted30+ days ago,
Quality Assurance Automation Engineer,Our Daily Bread Ministries,https://www.indeed.com/cmp/Our-Daily-Bread-Ministries,"Grand Rapids, MI 49512",Perform thorough testing using automation tools and techniques to deliver the highest quality software by scripting automated test scenarios and establish…,Posted30+ days ago,
Senior Backend/ Smart Contract Engineer,Recruiting From Scratch,"https://www.indeed.com/q-Recruiting-From-Scratch-l-Kentwood,-MI-jobs.html","Remote in Kentwood, MI","You’ll work directly with the team defining the Cadence smart contract programming language, and contribute directly to the dapps that will bring blockchain…",Posted30+ days ago,Estimated $111K – $141K a year
Digital Products - DevOps - Senior Associate,PRICE WATERHOUSE COOPERS,https://www.indeed.com/cmp/Pwc,"Grand Rapids, MI 49503 (Heartside area)+7 locations","Our skilled technologists, data scientists, product managers and business strategists are passionate about using technology to accelerate change.",Posted10 days ago,Estimated $119K – $151K a year
Embedded Systems Engineer (Autonomous Startup),Recruiting From Scratch,"https://www.indeed.com/q-Recruiting-From-Scratch-l-Kentwood,-MI-jobs.html","Remote in Kentwood, MI",This position requires an experienced professional with strong programming skills and solid knowledge of state-of-the-art algorithms.,Posted30+ days ago,Estimated $104K – $132K a year
Junior Software Developer,Revature,https://www.indeed.com/cmp/Revature-8,"Wyoming, MI+1 location",College degree (Associates or Bachelors).,Posted30+ days ago,Estimated $61.8K – $78.2K a year
Sr. Embedded Hardware Engineer,BISSELL Homecare,https://www.indeed.com/cmp/Bissell,"Grand Rapids, MI 49544","The Senior Hardware Engineer – Electronics is responsible for the integration of electrical, electronic, and software systems into developments of new floor…",Posted30+ days ago,Estimated $93.4K – $118K a year
,Recruiting From Scratch,https://www.indeed.com/addlLoc/redirect?tk=1fr2s95nfu3vk800&jk=a46309f8c9b034de&dest=%2Fjobs%3Fq%3Dprogrammer%26l%3Dgrand%2Brapids%2BMI%26grpKey%3D8gcGdG5mdGNsuA%252Fi0so2qhAcCglub3JtdGl0bGUaD3NlbmlvciBlbmdpbmVlcg%253D%253D,"Remote in Kentwood, MI+8 locations","Our client is a crypto exchange and custodian that allows customers to buy, sell, store, and earn more than 30 cryptocurrencies like bitcoin, bitcoin cash,…",Posted7 days ago,Estimated $99.1K – $125K a year
Senior Software Engineer,Mutually Human,"https://www.indeed.com/q-Mutually-Human-l-Kentwood,-MI-jobs.html","Kentwood, MI 49512",The Company partners with its clients to develop and deliver cutting-edge customized software solutions that are integral to its client’s core business…,Posted30+ days ago,Estimated $108K – $136K a year
Kernel | Lead Test Engineer,Recruiting From Scratch,"https://www.indeed.com/q-Recruiting-From-Scratch-l-Kentwood,-MI-jobs.html","Remote in Kentwood, MI",Our client started in 2016 and are a full-stack neurotech company with scientists and engineers controlling every step from chip design to optics; control…,Posted27 days ago,Estimated $114K – $144K a year
Web Full Stack Developer,"Haworth, Inc.",https://www.indeed.com/cmp/Haworth,"Remote in Holland, MI+2 locations",Support our Digital Marketing efforts.,Posted30+ days ago,Estimated $88.3K – $112K a year
Sr. Azure Infrastructure/DevOps Specialist,Deloitte,https://www.indeed.com/cmp/Deloitte,"Grand Rapids, MI 49503 (Heartside area)+2 locations","Cloud Engineering supports our clients as they improve agility, resilience and identifies opportunities to reduce IT operations spend through automation by…",Posted21 days ago,Estimated $102K – $129K a year
Software Engineer - (Remote/Nationwide),BDO,https://www.indeed.com/cmp/Bdo,"Remote in Grand Rapids, MI+1 location","The Software Engineer I is responsible for analyzing internal user needs to accurately design, construct, implement and maintain a system to meet the individual…",Posted10 days ago,Estimated $92K – $117K a year
Sr Systems Engineer - DevOps (REMOTE),Spectrum Health,https://www.indeed.com/cmp/Spectrum-Health-1,"Remote in Caledonia, MI","""Remote work for this position may be approved based on policy and business considerations”.",Posted30+ days ago,Estimated $107K – $136K a year
Sr. Ruby on Rails Engineer,KPMG,https://www.indeed.com/cmp/Kpmg-0828bc85,"Grand Rapids, MI","Collaborate with peers to design, write, document, deploy and maintain software systems.",Posted30+ days ago,Estimated $108K – $136K a year
PwC Technology ServiceNow Developer with API -Manager,PRICE WATERHOUSE COOPERS,https://www.indeed.com/cmp/Pwc,"Grand Rapids, MI 49503 (Heartside area)","You’ll focus on managing the design and implementation of technology infrastructure within PwC, developing and enhancing both client and internal facing…",Posted30+ days ago,Estimated $81.7K – $103K a year
Lead Application Developer - DAS Project Omnia,Deloitte,https://www.indeed.com/cmp/Deloitte,"Grand Rapids, MI 49503 (Heartside area)",Good analytical skills to understand the requirements and lead the team for removing technical roadblocks and also perform hands on coding.,Posted30+ days ago,Estimated $63.8K – $80.8K a year
Automation Engineer (Machine + Process),E Technologies,https://www.indeed.com/cmp/E--technologies,"Grand Rapids, MI",The Automation Engineer role requires an individual have a diverse engineering skill set with the ability to work independently to perform all aspects of…,Posted30+ days ago,Estimated $74.1K – $93.9K a year
"US Tech - Senior Developer, Oracle HCM & PeopleSoft (Remote)",PRICE WATERHOUSE COOPERS,https://www.indeed.com/cmp/Pwc,"Remote in Grand Rapids, MI","You’ll focus on managing the design and implementation of technology infrastructure within PwC, developing and enhancing both client and internal facing…",Posted30+ days ago,Estimated $106K – $135K a year
IBM DevOps Solution Architect-Location Open,Deloitte,https://www.indeed.com/cmp/Deloitte,"Grand Rapids, MI 49503 (Heartside area)",Consult with clients on the system design.,Posted30+ days ago,Estimated $114K – $145K a year
DevOps Engineer,BluJay Solutions,https://www.indeed.com/cmp/Blujay-Solutions,"Holland, MI 49423",The role of a DevOps Engineer (DevOps) is to ensure that developed products are quickly and successfully deployed for customer use.,Posted30+ days ago,Estimated $87.1K – $110K a year
Associate Software Developer,Brooksource,https://www.indeed.com/cmp/Brooksource,"Grand Rapids, MI",*We cannot provide sponsorship at this time*.,Posted30+ days ago,
Sr. Embedded Hardware Engineer,BISSELL Homecare,https://www.indeed.com/cmp/Bissell,"Grand Rapids, MI 49544","The Senior Hardware Engineer – Electronics is responsible for the integration of electrical, electronic, and software systems into developments of new floor…",Posted30+ days ago,Estimated $93.4K – $118K a year
Sr. Azure Infrastructure/DevOps Specialist,Deloitte,https://www.indeed.com/cmp/Deloitte,"Grand Rapids, MI 49503 (Heartside area)+2 locations","Cloud Engineering supports our clients as they improve agility, resilience and identifies opportunities to reduce IT operations spend through automation by…",Posted21 days ago,Estimated $102K – $129K a year
"Senior Associate, Full Stack .NET Developer",KPMG,https://www.indeed.com/cmp/Kpmg-0828bc85,"Grand Rapids, MI",Participate in IT Java development efforts for various client projects.,Posted30+ days ago,Estimated $92K – $116K a year
IBM DevOps Solution Architect-Location Open,Deloitte,https://www.indeed.com/cmp/Deloitte,"Grand Rapids, MI 49503 (Heartside area)",Consult with clients on the system design.,Posted30+ days ago,Estimated $114K – $145K a year
Senior Database Developer,Rapidparts Inc.,https://www.indeed.com/cmp/Mitsubishi-Logisnext-Americas-Inc.,"Walker, MI 49544","Design, build, implement, and maintain SQL databases, data warehouses, interfaces, and SSIS/SSRS to meet the company’s requirements for availability,…",Posted30+ days ago,Estimated $87.8K – $111K a year
Tax - .Net Developer - Senior - TMC,Deloitte,https://www.indeed.com/cmp/Deloitte,"Grand Rapids, MI 49503 (Heartside area)+1 location","As a professional in Deloitte's Tax Management Consulting (TMC) team, you will be a part of a team that provides a holistic and integrated approach technology…",Posted30+ days ago,Estimated $89K – $113K a year
Embedded Systems Engineer: Vision Products,Gentex Corporation,https://www.indeed.com/cmp/Gentex-Corporation,"Zeeland, MI",Design & develop new products and features in concept and pre-launch environments.,Posted30+ days ago,Estimated $104K – $131K a year
Automation Engineer (Machine + Process),E Technologies,https://www.indeed.com/cmp/E--technologies,"Grand Rapids, MI",The Automation Engineer role requires an individual have a diverse engineering skill set with the ability to work independently to perform all aspects of…,Posted30+ days ago,Estimated $74.1K – $93.9K a year
Digital Products - Devops Manager,PRICE WATERHOUSE COOPERS,https://www.indeed.com/cmp/Pwc,"Grand Rapids, MI 49503 (Heartside area)+1 location","Our skilled technologists, data scientists, product managers and business strategists are passionate about using technology to accelerate change.",Posted10 days ago,Estimated $116K – $147K a year
Senior Infrastructure Engineer,Recruiting From Scratch,"https://www.indeed.com/q-Recruiting-From-Scratch-l-Kentwood,-MI-jobs.html","Remote in Kentwood, MI","Take full ownership of the backend infrastructure, optimizing for scalability, availability, reliability, maintainability, and performance.",Posted15 days ago,Estimated $116K – $147K a year
Lead Automation/Manufacturing Engineer,Flex,https://www.indeed.com/cmp/Flex,"Coopersville, MI","The Lead Automation/Manufacturing Engineer will be based in Coopersville, MI and will be responsible for specifying, designing and maintaining automation…",Posted30+ days ago,Estimated $75.4K – $95.4K a year
Mobile Engineer (Speech to Text Startup),Recruiting From Scratch,https://www.indeed.com/addlLoc/redirect?tk=1fr2s966cu3vk800&jk=3665d500deb1905a&dest=%2Fjobs%3Fq%3Dprogrammer%26l%3Dgrand%2Brapids%2BMI%26grpKey%3D8gcGdG5mdGNsuA%252Fi0so2qhAdCglub3JtdGl0bGUaEG1vYmlsZSBkZXZlbG9wZXI%253D,"Remote in Kentwood, MI+2 locations","Their AI-powered collaborative note-taking app works across Zoom, Google Meet, and Microsoft Teams to help teams record, transcribe, search and share meeting…",Posted30+ days ago,Estimated $99.6K – $126K a year
Firmware Engineer,Recruiting From Scratch,"https://www.indeed.com/q-Recruiting-From-Scratch-l-Kentwood,-MI-jobs.html","Remote in Kentwood, MI","They value communication and transparency, and strive to foster two-way dialogue at all levels of the organization.",Posted16 days ago,Estimated $95K – $120K a year
Sr Java Developer Specialist,Deloitte,https://www.indeed.com/cmp/Deloitte,"Remote in Grand Rapids, MI","Design, develop and modify software systems and custom components using modern dev stack.",Posted12 days ago,Estimated $91.8K – $116K a year
Lead Automation/Manufacturing Engineer,Flex,https://www.indeed.com/cmp/Flex,"Coopersville, MI","The Lead Automation/Manufacturing Engineer will be based in Coopersville, MI and will be responsible for specifying, designing and maintaining automation…",Posted30+ days ago,Estimated $75.4K – $95.4K a year
Senior Frontend Engineer (Dapper Platform),Recruiting From Scratch,https://www.indeed.com/addlLoc/redirect?tk=1fr2s96lq3oep001&jk=f53d6758533c93ee&dest=%2Fjobs%3Fq%3Dprogrammer%26l%3Dgrand%2Brapids%2BMI%26grpKey%3D8gcGdG5mdGNsuA%252Fi0so2qhAeCglub3JtdGl0bGUaEXBsYXRmb3JtIGVuZ2luZWVy,"Remote in Kentwood, MI+1 location","They are also the original developers behind Flow, a new decentralized blockchain designed from the ground up for scalability and ease of use.",Posted30+ days ago,Estimated $113K – $144K a year
Senior Embedded C Engineer,Recruiting From Scratch,"https://www.indeed.com/q-Recruiting-From-Scratch-l-Kentwood,-MI-jobs.html","Remote in Kentwood, MI","They are also the original developers behind Flow, a new decentralized blockchain designed from the ground up for scalability and ease of use.",Posted30+ days ago,Estimated $114K – $144K a year
Automation Technology Engineer,SEKISUI KYDEX,https://www.indeed.com/cmp/Sekisui-Kydex,"Holland, MI 49423","SEKISUI Chemical's corporate commitment to Speed, Service, and Superiority is realized through the KYDEX® Thermoplastic business model of manufacturing bespoke…",Posted30+ days ago,Estimated $73.3K – $92.9K a year
Junior Software Developer,Revature,https://www.indeed.com/cmp/Revature-8,"Wyoming, MI+1 location",College degree (Associates or Bachelors).,Posted30+ days ago,Estimated $61.8K – $78.2K a year
Firmware Engineer,Recruiting From Scratch,"https://www.indeed.com/q-Recruiting-From-Scratch-l-Kentwood,-MI-jobs.html","Remote in Kentwood, MI","They value communication and transparency, and strive to foster two-way dialogue at all levels of the organization.",Posted16 days ago,Estimated $95K – $120K a year
,PRICE WATERHOUSE COOPERS,https://www.indeed.com/cmp/Pwc,"Grand Rapids, MI 49503 (Heartside area)",Develop new skills outside of comfort zone.,Posted2 days ago,
Senior AWS Infrastructure | DevOps Solution Specialist - Location Open,Deloitte,https://www.indeed.com/cmp/Deloitte,"Grand Rapids, MI 49503 (Heartside area)+2 locations",The practice aims at developing service-oriented architecture (SOA) and other integration solutions to enable information sharing and management between…,Posted30+ days ago,Estimated $112K – $142K a year
Automation Engineer,Challenge Manufacturing Company,https://www.indeed.com/cmp/Challenge-Manufacturing,"Walker, MI 49534","Responsible for machine standardization, launch, troubleshooting, maintaining and improvement of highly automated controls, robotic and welding systems.",Posted30+ days ago,Estimated $80.7K – $102K a year
Senior Infrastructure Engineer,Recruiting From Scratch,"https://www.indeed.com/q-Recruiting-From-Scratch-l-Kentwood,-MI-jobs.html","Remote in Kentwood, MI","Take full ownership of the backend infrastructure, optimizing for scalability, availability, reliability, maintainability, and performance.",Posted15 days ago,Estimated $116K – $147K a year
Senior Software Developer - Angular & Node (Remote),PRICE WATERHOUSE COOPERS,https://www.indeed.com/cmp/Pwc,"Remote in Grand Rapids, MI","You’ll focus on managing the design and implementation of technology infrastructure within PwC, developing and enhancing both client and internal facing…",Posted30+ days ago,Estimated $91.1K – $115K a year
US Tech - Full Stack Tech Lead (Remote),PRICE WATERHOUSE COOPERS,https://www.indeed.com/cmp/Pwc,"Remote in Grand Rapids, MI","You’ll focus on managing the design and implementation of technology infrastructure within PwC, developing and enhancing both client and internal facing…",Posted30+ days ago,Estimated $89.9K – $114K a year
Digital Products - Devops Manager,PRICE WATERHOUSE COOPERS,https://www.indeed.com/cmp/Pwc,"Grand Rapids, MI 49503 (Heartside area)+1 location","Our skilled technologists, data scientists, product managers and business strategists are passionate about using technology to accelerate change.",Posted10 days ago,Estimated $116K – $147K a year
Lead Mechanical Engineer - Automation Designer,Specialty Tooling Systems,"https://www.indeed.com/q-Specialty-Tooling-Systems-l-Grand-Rapids,-MI-jobs.html","Grand Rapids, MI 49534",You will be responsible for the design and development of intelligent systems and industrial systems control.,EmployerActive 3 days ago,Estimated $79.5K – $101K a year
Senior Software Engineer,Dematic,https://www.indeed.com/cmp/Dematic,"Grand Rapids, MI",Then check out Dematic – the Global Leader in the Logistics and Material Handling Industry.,Posted30+ days ago,Estimated $83K – $105K a year
Automation Engineer,Lear Corporation,https://www.indeed.com/cmp/Lear-Corporation,"Sparta, MI 49345","As a member of the Automation team, the Automation Engineer will be responsible for Leading, Supporting, Implementing, and Managing Automation projections while…",Posted8 days ago,Estimated $105K – $133K a year
Principal Cloud Back-End Developer,Twisthink,https://www.indeed.com/cmp/Twisthink,"Hybrid remote in Holland, MI",Twisthink is looking for an experienced Back-End Developer to design and build custom IoT solutions to run on the AWS platform.,Posted30+ days ago,Estimated $132K – $167K a year
Senior Software Engineer-Websites,Generac,https://www.indeed.com/cmp/Generac-Power-Systems,Michigan,This is a key role that will assist with the development and programming of website applications for Generac’s marketing websites.,Posted30+ days ago,
Solution Engineer- Mobile Automation,Dematic,https://www.indeed.com/cmp/Dematic,"Holland, MI 49424","The primary responsibilities will be working with the Sales team to learn customer needs, define the right automation solutions, and provide technical support…",Posted28 days ago,
Python Engineer,Recruiting From Scratch,"https://www.indeed.com/q-Recruiting-From-Scratch-l-Kentwood,-MI-jobs.html","Remote in Kentwood, MI",Their formative assessment products turn data into practical instructional support to help students at every skill level build a strong foundation in early…,Posted30+ days ago,Estimated $103K – $130K a year
AWS Infrastructure | DevOps Lead Engineer - Location Open,Deloitte,https://www.indeed.com/cmp/Deloitte,"Grand Rapids, MI 49503 (Heartside area)",The practice aims at developing service-oriented architecture (SOA) and other integration solutions to enable information sharing and management between…,Posted30+ days ago,Estimated $123K – $156K a year
Automation Technology Engineer,SEKISUI KYDEX,https://www.indeed.com/cmp/Sekisui-Kydex,"Holland, MI 49423","SEKISUI Chemical's corporate commitment to Speed, Service, and Superiority is realized through the KYDEX® Thermoplastic business model of manufacturing bespoke…",Posted30+ days ago,Estimated $73.3K – $92.9K a year
Senior Software Engineer - Technical Lead,Recruiting From Scratch,"https://www.indeed.com/q-Recruiting-From-Scratch-l-Kentwood,-MI-jobs.html","Remote in Kentwood, MI",Their formative assessment products turn data into practical instructional support to help students at every skill level build a strong foundation in early…,Posted30+ days ago,Estimated $113K – $143K a year
NIS - Junior Java Developer in DevOps,PRICE WATERHOUSE COOPERS,https://www.indeed.com/cmp/Pwc,"Grand Rapids, MI 49503 (Heartside area)","Use feedback and reflection to develop self awareness, personal strengths and address development areas.",Posted30+ days ago,Estimated $63.8K – $80.8K a year
Automation Solutions Development Lead Engineer - Manufacturing (Grand Rapids),Burns & McDonnell,https://www.indeed.com/cmp/Burns-&-Mcdonnell,"Zeeland, MI","The Automation Solutions Development Lead Engineer will lead automation design on project teams to create world class designs for new projects, alterations and…",Posted30+ days ago,Estimated $89.2K – $113K a year
Beginner to Mid-Level Software Engineer,GenSpark,,United States,"During your first 6-12 weeks with GenSpark, we invest in you by providing free, intensive technical and soft skill training to take your skills to the next…",Posted21 days ago,
,SummitWorks Technologies Inc,,United States,Role*: Entry Level developer (.NET & Front-End Technologies).,EmployerActive 2 days ago,
Entry Level Software Developer,Smoothstack Inc,https://www.indeed.com/cmp/Smoothstack-Inc.,United States,"We mainly specialize in Full Stack Java development, Cloud, DevSecOps, Networking, Cyber Security, Artificial Intelligence (AI), Business Intelligence (BI),…",Posted29 days ago,
Database Programmer / Developer,ARKAY PACKAGING,,United States,"Analyze the needs of Arkay Packaging, developing data driven business software for the organization to better serve its customers.",Posted15 days ago,Estimated $56.8K – $72K a year
AWS Infrastructure | DevOps Lead Engineer - Location Open,Deloitte,https://www.indeed.com/cmp/Deloitte,"Grand Rapids, MI 49503 (Heartside area)",The practice aims at developing service-oriented architecture (SOA) and other integration solutions to enable information sharing and management between…,Posted30+ days ago,
E-Commerce Web Developer ($75K to $90K w/ Benefits and Bonuses!),Jarvis Recruitment,,"Rockford, MI 49341",Entry- to Mid-level Web Developers.,Posted30+ days ago,
NIS - Junior Java Developer in DevOps,PRICE WATERHOUSE COOPERS,https://www.indeed.com/cmp/Pwc,"Grand Rapids, MI 49503 (Heartside area)","Use feedback and reflection to develop self awareness, personal strengths and address development areas.",Posted30+ days ago,
Remote .NET Developer,"Intertech, Inc","https://www.indeed.com/cmp/Intertech,-Inc",Remote in Michigan,NET Developer. MUST have Azure experience as well.,Posted21 days ago,
"LiDAR SW Development Manager, LiDAR Edge Computing",MicroVision,https://www.indeed.com/cmp/Microvision-1,Hybrid remote in Michigan,Sign On Bonus $15K!,Posted8 days ago,
Software Engineering Manager - $100K - $120K + Full Benefits & Bonuses!,Jarvis Recruitment,,"Rockford, MI 49341",This position oversees two in-house devs and will manage third-party development teams.,Posted30+ days ago,
Automation Solutions Development Lead Engineer - Manufacturing (Grand Rapids),Burns & McDonnell,https://www.indeed.com/cmp/Burns-&-Mcdonnell,"Zeeland, MI","The Automation Solutions Development Lead Engineer will lead automation design on project teams to create world class designs for new projects, alterations and…",Posted30+ days ago,
,Kforce,https://www.indeed.com/cmp/Kforce,"Grand Rapids, MI 49544",They're developing best-in-class software that lays the groundwork for close customer connections and streamlined business operations.,PostedToday,
Sr. Applications Engineer - Web Applications,Ziply Fiber,https://www.indeed.com/cmp/Ziply-Fiber,Remote in Michigan,"The Senior Applications Engineer is 100% remote and has the overall responsibility of managing the IT development, delivery and eventual support of the Sales…",Posted27 days ago,
,Belcan,https://www.indeed.com/cmp/Belcan,"Grand Rapids, MI 49512",This is a full-time direct position with benefits.,Posted3 days ago,
Senior Software Engineer - Artificial Intelligence Operations,"Cotiviti, Inc.",https://www.indeed.com/cmp/Cotiviti,United States,The Sr. Software Engineer (AI/ML Ops) is primarily responsible for building and scaling a machine learning operations system to power Cotiviti's AI/ML platforms…,Posted30+ days ago,
Senior Statistical Programmer,"Cytel, Inc (USA)",https://www.indeed.com/cmp/Cytel-Inc,United States,"As a Senior Statistical Programmer, you will leverage your advanced SAS programming skills and proficiency in CDISC standards (SDTM & ADaM) to support or lead…",Posted28 days ago,
Entry Level Software Developer,Smoothstack Inc,https://www.indeed.com/cmp/Smoothstack-Inc.,United States,"We mainly specialize in Full Stack Java development, Cloud, DevSecOps, Networking, Cyber Security, Artificial Intelligence (AI), Business Intelligence (BI),…",Posted29 days ago,
Beginner to Mid-Level Software Engineer,GenSpark,,United States,"During your first 6-12 weeks with GenSpark, we invest in you by providing free, intensive technical and soft skill training to take your skills to the next…",Posted21 days ago,
,Carley Corporation,https://www.indeed.com/cmp/Carley-Corporation,United States,"STATUS OF POSITION: Full-time, Exempt.",Posted3 days ago,
